Workbook

Sheet 展示表
B7: 知识点 年份 | C7: 计算 | D7: 统计 与概率 | E7: 几何 | L7: 函数
E8: 三视图 | F8: 平行 | G8: 对称 | H8: 三角形 | I8: 四边形 | J8: 圆 | K8: 小计 | L8: 一次函数 | M8: 二次函数 | N8: 反比例函数 | O8: 三角函数 | P8: 小计
B9: 2026 | C9: =原表!C6&IF(原表!C6/150=0,"","/"&TEXT(原表!C6/150,IF(MOD(原表!C6/150,0.01)=0,"0%","0.00%"))) -> 46/30.67% | D9: =原表!D6&IF(原表!D6/150=0,"","/"&TEXT(原表!D6/150,IF(MOD(原表!D6/150,0.01)=0,"0%","0.00%"))) -> 20/13.33% | E9: =原表!E6&IF(原表!E6/150=0,"","/"&TEXT(原表!E6/150,IF(MOD(原表!E6/150,0.01)=0,"0%","0.00%"))) -> 0 | F9: =原表!F6&IF(原表!F6/150=0,"","/"&TEXT(原表!F6/150,IF(MOD(原表!F6/150,0.01)=0,"0%","0.00%"))) -> 4/2.67% | G9: =原表!G6&IF(原表!G6/150=0,"","/"&TEXT(原表!G6/150,IF(MOD(原表!G6/150,0.01)=0,"0%","0.00%"))) -> 0 | H9: =原表!H6&IF(原表!H6/150=0,"","/"&TEXT(原表!H6/150,IF(MOD(原表!H6/150,0.01)=0,"0%","0.00%"))) -> 24/16% | I9: =原表!I6&IF(原表!I6/150=0,"","/"&TEXT(原表!I6/150,IF(MOD(原表!I6/150,0.01)=0,"0%","0.00%"))) -> 9/6% | J9: =原表!J6&IF(原表!J6/150=0,"","/"&TEXT(原表!J6/150,IF(MOD(原表!J6/150,0.01)=0,"0%","0.00%"))) -> 19/12.67% | ... P9: =原表!P6&IF(原表!P6/150=0,"","/"&TEXT(原表!P6/150,IF(MOD(原表!P6/150,0.01)=0,"0%","0.00%"))) -> 28/18.67%
B10: 2025 | C10: =原表!C7&IF(原表!C7/150=0,"","/"&TEXT(原表!C7/150,IF(MOD(原表!C7/150,0.01)=0,"0%","0.00%"))) -> 46/30.67% | D10: =原表!D7&IF(原表!D7/150=0,"","/"&TEXT(原表!D7/150,IF(MOD(原表!D7/150,0.01)=0,"0%","0.00%"))) -> 16/10.67% | E10: =原表!E7&IF(原表!E7/150=0,"","/"&TEXT(原表!E7/150,IF(MOD(原表!E7/150,0.01)=0,"0%","0.00%"))) -> 0 | F10: =原表!F7&IF(原表!F7/150=0,"","/"&TEXT(原表!F7/150,IF(MOD(原表!F7/150,0.01)=0,"0%","0.00%"))) -> 4/2.67% | G10: =原表!G7&IF(原表!G7/150=0,"","/"&TEXT(原表!G7/150,IF(MOD(原表!G7/150,0.01)=0,"0%","0.00%"))) -> 4/2.67% | H10: =原表!H7&IF(原表!H7/150=0,"","/"&TEXT(原表!H7/150,IF(MOD(原表!H7/150,0.01)=0,"0%","0.00%"))) -> 24/16% | I10: =原表!I7&IF(原表!I7/150=0,"","/"&TEXT(原表!I7/150,IF(MOD(原表!I7/150,0.01)=0,"0%","0.00%"))) -> 9/6% | J10: =原表!J7&IF(原表!J7/150=0,"","/"&TEXT(原表!J7/150,IF(MOD(原表!J7/150,0.01)=0,"0%","0.00%"))) -> 15/10% | ... P10: =原表!P7&IF(原表!P7/150=0,"","/"&TEXT(原表!P7/150,IF(MOD(原表!P7/150,0.01)=0,"0%","0.00%"))) -> 32/21.33%
B11: 2024 | C11: =原表!C8&IF(原表!C8/150=0,"","/"&TEXT(原表!C8/150,IF(MOD(原表!C8/150,0.01)=0,"0%","0.00%"))) -> 42/28% | D11: =原表!D8&IF(原表!D8/150=0,"","/"&TEXT(原表!D8/150,IF(MOD(原表!D8/150,0.01)=0,"0%","0.00%"))) -> 18/12% | E11: =原表!E8&IF(原表!E8/150=0,"","/"&TEXT(原表!E8/150,IF(MOD(原表!E8/150,0.01)=0,"0%","0.00%"))) -> 4/2.67% | F11: =原表!F8&IF(原表!F8/150=0,"","/"&TEXT(原表!F8/150,IF(MOD(原表!F8/150,0.01)=0,"0%","0.00%"))) -> 0 | G11: =原表!G8&IF(原表!G8/150=0,"","/"&TEXT(原表!G8/150,IF(MOD(原表!G8/150,0.01)=0,"0%","0.00%"))) -> 0 | H11: =原表!H8&IF(原表!H8/150=0,"","/"&TEXT(原表!H8/150,IF(MOD(原表!H8/150,0.01)=0,"0%","0.00%"))) -> 28/18.67% | I11: =原表!I8&IF(原表!I8/150=0,"","/"&TEXT(原表!I8/150,IF(MOD(原表!I8/150,0.01)=0,"0%","0.00%"))) -> 9/6% | J11: =原表!J8&IF(原表!J8/150=0,"","/"&TEXT(原表!J8/150,IF(MOD(原表!J8/150,0.01)=0,"0%","0.00%"))) -> 15/10% | ... P11: =原表!P8&IF(原表!P8/150=0,"","/"&TEXT(原表!P8/150,IF(MOD(原表!P8/150,0.01)=0,"0%","0.00%"))) -> 34/22.67%
B12: 2023 | C12: =原表!C9&IF(原表!C9/150=0,"","/"&TEXT(原表!C9/150,IF(MOD(原表!C9/150,0.01)=0,"0%","0.00%"))) -> 43/28.67% | D12: =原表!D9&IF(原表!D9/150=0,"","/"&TEXT(原表!D9/150,IF(MOD(原表!D9/150,0.01)=0,"0%","0.00%"))) -> 15/10% | E12: =原表!E9&IF(原表!E9/150=0,"","/"&TEXT(原表!E9/150,IF(MOD(原表!E9/150,0.01)=0,"0%","0.00%"))) -> 0 | F12: =原表!F9&IF(原表!F9/150=0,"","/"&TEXT(原表!F9/150,IF(MOD(原表!F9/150,0.01)=0,"0%","0.00%"))) -> 0 | G12: =原表!G9&IF(原表!G9/150=0,"","/"&TEXT(原表!G9/150,IF(MOD(原表!G9/150,0.01)=0,"0%","0.00%"))) -> 4/2.67% | H12: =原表!H9&IF(原表!H9/150=0,"","/"&TEXT(原表!H9/150,IF(MOD(原表!H9/150,0.01)=0,"0%","0.00%"))) -> 19/12.67% | I12: =原表!I9&IF(原表!I9/150=0,"","/"&TEXT(原表!I9/150,IF(MOD(原表!I9/150,0.01)=0,"0%","0.00%"))) -> 13/8.67% | J12: =原表!J9&IF(原表!J9/150=0,"","/"&TEXT(原表!J9/150,IF(MOD(原表!J9/150,0.01)=0,"0%","0.00%"))) -> 15/10% | ... P12: =原表!P9&IF(原表!P9/150=0,"","/"&TEXT(原表!P9/150,IF(MOD(原表!P9/150,0.01)=0,"0%","0.00%"))) -> 41/27.33%
B13: 2022 | C13: =原表!C10&IF(原表!C10/150=0,"","/"&TEXT(原表!C10/150,IF(MOD(原表!C10/150,0.01)=0,"0%","0.00%"))) -> 44/29.33% | D13: =原表!D10&IF(原表!D10/150=0,"","/"&TEXT(原表!D10/150,IF(MOD(原表!D10/150,0.01)=0,"0%","0.00%"))) -> 15/10% | E13: =原表!E10&IF(原表!E10/150=0,"","/"&TEXT(原表!E10/150,IF(MOD(原表!E10/150,0.01)=0,"0%","0.00%"))) -> 5/3.33% | F13: =原表!F10&IF(原表!F10/150=0,"","/"&TEXT(原表!F10/150,IF(MOD(原表!F10/150,0.01)=0,"0%","0.00%"))) -> 5/3.33% | G13: =原表!G10&IF(原表!G10/150=0,"","/"&TEXT(原表!G10/150,IF(MOD(原表!G10/150,0.01)=0,"0%","0.00%"))) -> 5/3.33% | H13: =原表!H10&IF(原表!H10/150=0,"","/"&TEXT(原表!H10/150,IF(MOD(原表!H10/150,0.01)=0,"0%","0.00%"))) -> 16/10.67% | I13: =原表!I10&IF(原表!I10/150=0,"","/"&TEXT(原表!I10/150,IF(MOD(原表!I10/150,0.01)=0,"0%","0.00%"))) -> 10/6.67% | J13: =原表!J10&IF(原表!J10/150=0,"","/"&TEXT(原表!J10/150,IF(MOD(原表!J10/150,0.01)=0,"0%","0.00%"))) -> 15/10% | ... P13: =原表!P10&IF(原表!P10/150=0,"","/"&TEXT(原表!P10/150,IF(MOD(原表!P10/150,0.01)=0,"0%","0.00%"))) -> 35/23.33%
B14: 2021 | C14: =原表!C11&IF(原表!C11/150=0,"","/"&TEXT(原表!C11/150,IF(MOD(原表!C11/150,0.01)=0,"0%","0.00%"))) -> 43/28.67% | D14: =原表!D11&IF(原表!D11/150=0,"","/"&TEXT(原表!D11/150,IF(MOD(原表!D11/150,0.01)=0,"0%","0.00%"))) -> 15/10% | E14: =原表!E11&IF(原表!E11/150=0,"","/"&TEXT(原表!E11/150,IF(MOD(原表!E11/150,0.01)=0,"0%","0.00%"))) -> 0 | F14: =原表!F11&IF(原表!F11/150=0,"","/"&TEXT(原表!F11/150,IF(MOD(原表!F11/150,0.01)=0,"0%","0.00%"))) -> 5/3.33% | G14: =原表!G11&IF(原表!G11/150=0,"","/"&TEXT(原表!G11/150,IF(MOD(原表!G11/150,0.01)=0,"0%","0.00%"))) -> 5/3.33% | H14: =原表!H11&IF(原表!H11/150=0,"","/"&TEXT(原表!H11/150,IF(MOD(原表!H11/150,0.01)=0,"0%","0.00%"))) -> 15/10% | I14: =原表!I11&IF(原表!I11/150=0,"","/"&TEXT(原表!I11/150,IF(MOD(原表!I11/150,0.01)=0,"0%","0.00%"))) -> 15/10% | J14: =原表!J11&IF(原表!J11/150=0,"","/"&TEXT(原表!J11/150,IF(MOD(原表!J11/150,0.01)=0,"0%","0.00%"))) -> 11/7.33% | ... P14: =原表!P11&IF(原表!P11/150=0,"","/"&TEXT(原表!P11/150,IF(MOD(原表!P11/150,0.01)=0,"0%","0.00%"))) -> 41/27.33%
B15: 2020 | C15: =原表!C12&IF(原表!C12/150=0,"","/"&TEXT(原表!C12/150,IF(MOD(原表!C12/150,0.01)=0,"0%","0.00%"))) -> 43/28.67% | D15: =原表!D12&IF(原表!D12/150=0,"","/"&TEXT(原表!D12/150,IF(MOD(原表!D12/150,0.01)=0,"0%","0.00%"))) -> 20/13.33% | E15: =原表!E12&IF(原表!E12/150=0,"","/"&TEXT(原表!E12/150,IF(MOD(原表!E12/150,0.01)=0,"0%","0.00%"))) -> 5/3.33% | F15: =原表!F12&IF(原表!F12/150=0,"","/"&TEXT(原表!F12/150,IF(MOD(原表!F12/150,0.01)=0,"0%","0.00%"))) -> 5/3.33% | G15: =原表!G12&IF(原表!G12/150=0,"","/"&TEXT(原表!G12/150,IF(MOD(原表!G12/150,0.01)=0,"0%","0.00%"))) -> 0 | H15: =原表!H12&IF(原表!H12/150=0,"","/"&TEXT(原表!H12/150,IF(MOD(原表!H12/150,0.01)=0,"0%","0.00%"))) -> 19/12.67% | I15: =原表!I12&IF(原表!I12/150=0,"","/"&TEXT(原表!I12/150,IF(MOD(原表!I12/150,0.01)=0,"0%","0.00%"))) -> 4/2.67% | J15: =原表!J12&IF(原表!J12/150=0,"","/"&TEXT(原表!J12/150,IF(MOD(原表!J12/150,0.01)=0,"0%","0.00%"))) -> 16/10.67% | ... P15: =原表!P12&IF(原表!P12/150=0,"","/"&TEXT(原表!P12/150,IF(MOD(原表!P12/150,0.01)=0,"0%","0.00%"))) -> 38/25.33%
B16: 2019 | C16: =原表!C13&IF(原表!C13/150=0,"","/"&TEXT(原表!C13/150,IF(MOD(原表!C13/150,0.01)=0,"0%","0.00%"))) -> 44/29.33% | D16: =原表!D13&IF(原表!D13/150=0,"","/"&TEXT(原表!D13/150,IF(MOD(原表!D13/150,0.01)=0,"0%","0.00%"))) -> 18/12% | E16: =原表!E13&IF(原表!E13/150=0,"","/"&TEXT(原表!E13/150,IF(MOD(原表!E13/150,0.01)=0,"0%","0.00%"))) -> 5/3.33% | F16: =原表!F13&IF(原表!F13/150=0,"","/"&TEXT(原表!F13/150,IF(MOD(原表!F13/150,0.01)=0,"0%","0.00%"))) -> 5/3.33% | G16: =原表!G13&IF(原表!G13/150=0,"","/"&TEXT(原表!G13/150,IF(MOD(原表!G13/150,0.01)=0,"0%","0.00%"))) -> 0 | H16: =原表!H13&IF(原表!H13/150=0,"","/"&TEXT(原表!H13/150,IF(MOD(原表!H13/150,0.01)=0,"0%","0.00%"))) -> 15/10% | I16: =原表!I13&IF(原表!I13/150=0,"","/"&TEXT(原表!I13/150,IF(MOD(原表!I13/150,0.01)=0,"0%","0.00%"))) -> 15/10% | J16: =原表!J13&IF(原表!J13/150=0,"","/"&TEXT(原表!J13/150,IF(MOD(原表!J13/150,0.01)=0,"0%","0.00%"))) -> 10/6.67% | ... P16: =原表!P13&IF(原表!P13/150=0,"","/"&TEXT(原表!P13/150,IF(MOD(原表!P13/150,0.01)=0,"0%","0.00%"))) -> 38/25.33%
B17: 2018 | C17: =原表!C14&IF(原表!C14/150=0,"","/"&TEXT(原表!C14/150,IF(MOD(原表!C14/150,0.01)=0,"0%","0.00%"))) -> 32/21.33% | D17: =原表!D14&IF(原表!D14/150=0,"","/"&TEXT(原表!D14/150,IF(MOD(原表!D14/150,0.01)=0,"0%","0.00%"))) -> 20/13.33% | E17: =原表!E14&IF(原表!E14/150=0,"","/"&TEXT(原表!E14/150,IF(MOD(原表!E14/150,0.01)=0,"0%","0.00%"))) -> 4/2.67% | F17: =原表!F14&IF(原表!F14/150=0,"","/"&TEXT(原表!F14/150,IF(MOD(原表!F14/150,0.01)=0,"0%","0.00%"))) -> 4/2.67% | G17: =原表!G14&IF(原表!G14/150=0,"","/"&TEXT(原表!G14/150,IF(MOD(原表!G14/150,0.01)=0,"0%","0.00%"))) -> 4/2.67% | H17: =原表!H14&IF(原表!H14/150=0,"","/"&TEXT(原表!H14/150,IF(MOD(原表!H14/150,0.01)=0,"0%","0.00%"))) -> 4/2.67% | I17: =原表!I14&IF(原表!I14/150=0,"","/"&TEXT(原表!I14/150,IF(MOD(原表!I14/150,0.01)=0,"0%","0.00%"))) -> 18/12% | J17: =原表!J14&IF(原表!J14/150=0,"","/"&TEXT(原表!J14/150,IF(MOD(原表!J14/150,0.01)=0,"0%","0.00%"))) -> 14/9.33% | ... P17: =原表!P14&IF(原表!P14/150=0,"","/"&TEXT(原表!P14/150,IF(MOD(原表!P14/150,0.01)=0,"0%","0.00%"))) -> 50/33.33%
B18: 2017 | C18: =原表!C15&IF(原表!C15/150=0,"","/"&TEXT(原表!C15/150,IF(MOD(原表!C15/150,0.01)=0,"0%","0.00%"))) -> 47/31.33% | D18: =原表!D15&IF(原表!D15/150=0,"","/"&TEXT(原表!D15/150,IF(MOD(原表!D15/150,0.01)=0,"0%","0.00%"))) -> 20/13.33% | E18: =原表!E15&IF(原表!E15/150=0,"","/"&TEXT(原表!E15/150,IF(MOD(原表!E15/150,0.01)=0,"0%","0.00%"))) -> 5/3.33% | F18: =原表!F15&IF(原表!F15/150=0,"","/"&TEXT(原表!F15/150,IF(MOD(原表!F15/150,0.01)=0,"0%","0.00%"))) -> 5/3.33% | G18: =原表!G15&IF(原表!G15/150=0,"","/"&TEXT(原表!G15/150,IF(MOD(原表!G15/150,0.01)=0,"0%","0.00%"))) -> 0 | H18: =原表!H15&IF(原表!H15/150=0,"","/"&TEXT(原表!H15/150,IF(MOD(原表!H15/150,0.01)=0,"0%","0.00%"))) -> 4/2.67% | I18: =原表!I15&IF(原表!I15/150=0,"","/"&TEXT(原表!I15/150,IF(MOD(原表!I15/150,0.01)=0,"0%","0.00%"))) -> 9/6% | J18: =原表!J15&IF(原表!J15/150=0,"","/"&TEXT(原表!J15/150,IF(MOD(原表!J15/150,0.01)=0,"0%","0.00%"))) -> 17/11.33% | ... P18: =原表!P15&IF(原表!P15/150=0,"","/"&TEXT(原表!P15/150,IF(MOD(原表!P15/150,0.01)=0,"0%","0.00%"))) -> 43/28.67%
B19: 2016 | C19: =原表!C16&IF(原表!C16/150=0,"","/"&TEXT(原表!C16/150,IF(MOD(原表!C16/150,0.01)=0,"0%","0.00%"))) -> 54/36% | D19: =原表!D16&IF(原表!D16/150=0,"","/"&TEXT(原表!D16/150,IF(MOD(原表!D16/150,0.01)=0,"0%","0.00%"))) -> 20/13.33% | E19: =原表!E16&IF(原表!E16/150=0,"","/"&TEXT(原表!E16/150,IF(MOD(原表!E16/150,0.01)=0,"0%","0.00%"))) -> 0 | F19: =原表!F16&IF(原表!F16/150=0,"","/"&TEXT(原表!F16/150,IF(MOD(原表!F16/150,0.01)=0,"0%","0.00%"))) -> 5/3.33% | G19: =原表!G16&IF(原表!G16/150=0,"","/"&TEXT(原表!G16/150,IF(MOD(原表!G16/150,0.01)=0,"0%","0.00%"))) -> 0 | H19: =原表!H16&IF(原表!H16/150=0,"","/"&TEXT(原表!H16/150,IF(MOD(原表!H16/150,0.01)=0,"0%","0.00%"))) -> 15/10% | I19: =原表!I16&IF(原表!I16/150=0,"","/"&TEXT(原表!I16/150,IF(MOD(原表!I16/150,0.01)=0,"0%","0.00%"))) -> 10/6.67% | J19: =原表!J16&IF(原表!J16/150=0,"","/"&TEXT(原表!J16/150,IF(MOD(原表!J16/150,0.01)=0,"0%","0.00%"))) -> 10/6.67% | ... P19: =原表!P16&IF(原表!P16/150=0,"","/"&TEXT(原表!P16/150,IF(MOD(原表!P16/150,0.01)=0,"0%","0.00%"))) -> 36/24%
B20: 2015 | C20: =原表!C17&IF(原表!C17/150=0,"","/"&TEXT(原表!C17/150,IF(MOD(原表!C17/150,0.01)=0,"0%","0.00%"))) -> 32/21.33% | D20: =原表!D17&IF(原表!D17/150=0,"","/"&TEXT(原表!D17/150,IF(MOD(原表!D17/150,0.01)=0,"0%","0.00%"))) -> 20/13.33% | E20: =原表!E17&IF(原表!E17/150=0,"","/"&TEXT(原表!E17/150,IF(MOD(原表!E17/150,0.01)=0,"0%","0.00%"))) -> 4/2.67% | F20: =原表!F17&IF(原表!F17/150=0,"","/"&TEXT(原表!F17/150,IF(MOD(原表!F17/150,0.01)=0,"0%","0.00%"))) -> 4/2.67% | G20: =原表!G17&IF(原表!G17/150=0,"","/"&TEXT(原表!G17/150,IF(MOD(原表!G17/150,0.01)=0,"0%","0.00%"))) -> 0 | H20: =原表!H17&IF(原表!H17/150=0,"","/"&TEXT(原表!H17/150,IF(MOD(原表!H17/150,0.01)=0,"0%","0.00%"))) -> 12/8% | I20: =原表!I17&IF(原表!I17/150=0,"","/"&TEXT(原表!I17/150,IF(MOD(原表!I17/150,0.01)=0,"0%","0.00%"))) -> 14/9.33% | J20: =原表!J17&IF(原表!J17/150=0,"","/"&TEXT(原表!J17/150,IF(MOD(原表!J17/150,0.01)=0,"0%","0.00%"))) -> 14/9.33% | ... P20: =原表!P17&IF(原表!P17/150=0,"","/"&TEXT(原表!P17/150,IF(MOD(原表!P17/150,0.01)=0,"0%","0.00%"))) -> 50/33.33%
B21: 平均值 | C21: =原表!C19&IF(原表!C19/150=0,"","/"&TEXT(原表!C19/150,IF(MOD(原表!C19/150,0.01)=0,"0%","0.00%"))) -> 43/28.67% | D21: =原表!D19&IF(原表!D19/150=0,"","/"&TEXT(原表!D19/150,IF(MOD(原表!D19/150,0.01)=0,"0%","0.00%"))) -> 18.08/12.05% | E21: =原表!E19&IF(原表!E19/150=0,"","/"&TEXT(原表!E19/150,IF(MOD(原表!E19/150,0.01)=0,"0%","0.00%"))) -> 2.67/1.78% | F21: =原表!F19&IF(原表!F19/150=0,"","/"&TEXT(原表!F19/150,IF(MOD(原表!F19/150,0.01)=0,"0%","0.00%"))) -> 3.83/2.55% | G21: =原表!G19&IF(原表!G19/150=0,"","/"&TEXT(原表!G19/150,IF(MOD(原表!G19/150,0.01)=0,"0%","0.00%"))) -> 1.83/1.22% | H21: =原表!H19&IF(原表!H19/150=0,"","/"&TEXT(原表!H19/150,IF(MOD(原表!H19/150,0.01)=0,"0%","0.00%"))) -> 16.25/10.83% | I21: =原表!I19&IF(原表!I19/150=0,"","/"&TEXT(原表!I19/150,IF(MOD(原表!I19/150,0.01)=0,"0%","0.00%"))) -> 11.25/7.50% | J21: =原表!J19&IF(原表!J19/150=0,"","/"&TEXT(原表!J19/150,IF(MOD(原表!J19/150,0.01)=0,"0%","0.00%"))) -> 14.25/9.50% | ... P21: =原表!P19&IF(原表!P19/150=0,"","/"&TEXT(原表!P19/150,IF(MOD(原表!P19/150,0.01)=0,"0%","0.00%"))) -> 38.83/25.89%
F30: 计算：绝对值、相反数、倒数、科学计数法、整式、分式、根式、 一元一次方程、一元一次不等式、二元一次方程组、一元二次方程 三角形：周长、面积、直角三角形、等腰三角形、等腰直角三角形、 等边三角形、勾股定理、全等、相似、角平分线、中垂线 四边形：平行四边形、矩形、菱形、正方形、梯形、直角梯形、等腰梯形、多边形

Sheet 原表
B4: 知识点 年份 | C4: 计算 | D4: 统计 与概率 | E4: 几何 | L4: 函数 | Q4: 总分
E5: 三视图 | F5: 平行 | G5: 对称 | H5: 三角形 | I5: 四边形 | J5: 圆 | K5: 小计 | L5: 一次函数 | M5: 二次函数 | N5: 反比例函数 | O5: 三角函数 | P5: 小计
B6: 2026 | C6: 46 | D6: 20 | E6: 0 | F6: 4 | G6: 0 | H6: 24 | I6: 9 | J6: 19 | K6: =SUM(E6:J6) -> 56 | L6: 0 | M6: 14 | N6: 4 | O6: 10 | P6: =SUM(L6:O6) -> 28 | Q6: =SUM(C6:J6,L6:O6) -> 150
B7: 2025 | C7: 46 | D7: 16 | E7: 0 | F7: 4 | G7: 4 | H7: 24 | I7: 9 | J7: 15 | K7: =SUM(E7:J7) -> 56 | L7: 8 | M7: 10 | N7: 4 | O7: 10 | P7: =SUM(L7:O7) -> 32 | Q7: =SUM(C7:J7,L7:O7) -> 150
B8: 2024 | C8: 42 | D8: 18 | E8: 4 | F8: 0 | G8: 0 | H8: 28 | I8: 9 | J8: 15 | K8: =SUM(E8:J8) -> 56 | L8: 4 | M8: 16 | N8: 4 | O8: 10 | P8: =SUM(L8:O8) -> 34 | Q8: =SUM(C8:J8,L8:O8) -> 150
B9: 2023 | C9: 43 | D9: 15 | E9: 0 | F9: 0 | G9: 4 | H9: 19 | I9: 13 | J9: 15 | K9: =SUM(E9:J9) -> 51 | L9: 18 | M9: 9 | N9: 4 | O9: 10 | P9: =SUM(L9:O9) -> 41 | Q9: =SUM(C9:J9,L9:O9) -> 150
B10: 2022 | C10: 44 | D10: 15 | E10: 5 | F10: 5 | G10: 5 | H10: 16 | I10: 10 | J10: 15 | K10: =SUM(E10:J10) -> 56 | L10: 10 | M10: 10 | N10: 5 | O10: 10 | P10: =SUM(L10:O10) -> 35 | Q10: =SUM(C10:J10,L10:O10) -> 150
B11: 2021 | C11: 43 | D11: 15 | E11: 0 | F11: 5 | G11: 5 | H11: 15 | I11: 15 | J11: 11 | K11: =SUM(E11:J11) -> 51 | L11: 5 | M11: 12 | N11: 14 | O11: 10 | P11: =SUM(L11:O11) -> 41 | Q11: =SUM(C11:J11,L11:O11) -> 150
B12: 2020 | C12: 43 | D12: 20 | E12: 5 | F12: 5 | G12: 0 | H12: 19 | I12: 4 | J12: 16 | K12: =SUM(E12:J12) -> 49 | L12: 11 | M12: 18 | N12: 0 | O12: 9 | P12: =SUM(L12:O12) -> 38 | Q12: =SUM(C12:J12,L12:O12) -> 150
B13: 2019 | C13: 44 | D13: 18 | E13: 5 | F13: 5 | G13: 0 | H13: 15 | I13: 15 | J13: 10 | K13: =SUM(E13:J13) -> 50 | L13: 10 | M13: 13 | N13: 5 | O13: 10 | P13: =SUM(L13:O13) -> 38 | Q13: =SUM(C13:J13,L13:O13) -> 150
B14: 2018 | C14: 32 | D14: 20 | E14: 4 | F14: 4 | G14: 4 | H14: 4 | I14: 18 | J14: 14 | K14: =SUM(E14:J14) -> 48 | L14: 10 | M14: 20 | N14: 10 | O14: 10 | P14: =SUM(L14:O14) -> 50 | Q14: =SUM(C14:J14,L14:O14) -> 150
B15: 2017 | C15: 47 | D15: 20 | E15: 5 | F15: 5 | G15: 0 | H15: 4 | I15: 9 | J15: 17 | K15: =SUM(E15:J15) -> 40 | L15: 10 | M15: 18 | N15: 5 | O15: 10 | P15: =SUM(L15:O15) -> 43 | Q15: =SUM(C15:J15,L15:O15) -> 150
B16: 2016 | C16: 54 | D16: 20 | E16: 0 | F16: 5 | G16: 0 | H16: 15 | I16: 10 | J16: 10 | K16: =SUM(E16:J16) -> 40 | L16: 10 | M16: 13 | N16: 5 | O16: 8 | P16: =SUM(L16:O16) -> 36 | Q16: =SUM(C16:J16,L16:O16) -> 150
B17: 2015 | C17: 32 | D17: 20 | E17: 4 | F17: 4 | G17: 0 | H17: 12 | I17: 14 | J17: 14 | K17: =SUM(E17:J17) -> 48 | L17: 10 | M17: 26 | N17: 4 | O17: 10 | P17: =SUM(L17:O17) -> 50 | Q17: =SUM(C17:J17,L17:O17) -> 150
B18: 合计 | C18: 42.4 | D18: 18.1 | E18: 3.2 | F18: 3.8 | G18: 0 | H18: 28 | I18: 9 | J18: 15 | K18: 56 | L18: 4 | M18: 16 | N18: 4 | O18: 10 | P18: 40
B19: 平均数 | C19: =ROUND(AVERAGE(C6:C17),2) -> 43 | D19: =ROUND(AVERAGE(D6:D17),2) -> 18.08 | E19: =ROUND(AVERAGE(E6:E17),2) -> 2.67 | F19: =ROUND(AVERAGE(F6:F17),2) -> 3.83 | G19: =ROUND(AVERAGE(G6:G17),2) -> 1.83 | H19: =ROUND(AVERAGE(H6:H17),2) -> 16.25 | I19: =ROUND(AVERAGE(I6:I17),2) -> 11.25 | J19: =ROUND(AVERAGE(J6:J17),2) -> 14.25 | ... Q19: =ROUND(AVERAGE(Q6:Q17),2) -> 150
F27: 计算：绝对值、相反数、倒数、科学计数法、整式、分式、根式、 一元一次方程、一元一次不等式、二元一次方程组、一元二次方程 三角形：周长、面积、直角三角形、等腰三角形、等腰直角三角形、 等边三角形、勾股定理、全等、相似、角平分线、中垂线 四边形：平行四边形、矩形、菱形、正方形、梯形、直角梯形、等腰梯形、多边形
